term_id,name,slug,count,updated_at
43756,6 Minutes Of Security,6-minutes-of-security,15,2026-06-14T12:52:34Z
3788,A Bit About Memory,a-bit-about-memory,131,2026-06-14T12:52:34Z
1485,A System Perspective,a-system-perspective,202,2026-06-14T12:52:34Z
9131,Accelerating Design &amp; Test,accelerating-design-and-test,23,2026-06-14T12:52:34Z
64977,Advanced Interconnect Test,advanced-interconnect-test,7,2026-06-14T12:52:34Z
7144,Against The Grain,against-the-grain,11,2026-06-14T12:52:34Z
66341,AI Agents In Design And Verification,ai-agents-in-design-and-verification,2,2026-06-14T12:52:34Z
47208,AI/ML/DL,ai-ml-dl,483,2026-06-14T12:52:34Z
9673,All About Test,all-about-test,7,2026-06-14T12:52:34Z
1507,Applied Innovation,applied-innovation,64,2026-06-14T12:52:34Z
7644,Architect's Diary,architects-diary,13,2026-06-14T12:52:34Z
47212,Architectures,architectures,633,2026-06-14T12:52:34Z
3397,At The Core,at-the-core,135,2026-06-14T12:52:34Z
3844,At The Edge,at-the-edge,28,2026-06-14T12:52:34Z
47217,Automotive/ Aerospace,automotive,124,2026-06-14T12:52:34Z
1495,Best Of Both: LP &amp; HP,best-of-both-lp-hp,158,2026-06-14T12:52:34Z
8236,blog,blog,3,2026-06-14T12:52:34Z
65956,Blog Reviews,blog-reviews,42,2026-06-14T12:52:34Z
1493,Blogs - LPHP,blogs-lphp,1350,2026-06-14T12:52:34Z
1503,Blogs - MD,blogs-md,1117,2026-06-14T12:52:34Z
9297,Blogs - PTES,blogs-pte,482,2026-06-14T12:52:34Z
3826,Blogs - Security,blogs-security,1008,2026-06-14T12:52:34Z
1483,Blogs - SLD,blogs-sld,1406,2026-06-14T12:52:34Z
63593,Bringing AI To Scale,bringing-ai-to-scale,21,2026-06-14T12:52:34Z
6643,Building The IoE,building-the-ioe,122,2026-06-14T12:52:34Z
51384,Business,business,506,2026-06-14T12:52:34Z
5139,Business Development,business-development,,2026-06-14T12:52:34Z
51385,Business News,business-news,414,2026-06-14T12:52:34Z
51386,Business Startups,startups,54,2026-06-14T12:52:34Z
1505,Cascade Effects,cascade-effects,8,2026-06-14T12:52:34Z
44934,"Chip, Package, System",chip-package-system,61,2026-06-14T12:52:34Z
14943,Chiplet Connection,chiplet-connection,3,2026-06-14T12:52:34Z
56651,Circuit Talk: Unpacked,circuit-talk-unpacked,2,2026-06-14T12:52:34Z
51238,Clock Talk,clock-talk,23,2026-06-14T12:52:34Z
69025,Co-Packaged Optics Insights,co-packaged-optics-insights,1,2026-06-14T12:52:34Z
47210,Communication/Data Movement,communication,147,2026-06-14T12:52:34Z
1511,Connect With SEMI,connect-with-semi,196,2026-06-14T12:52:34Z
4803,Consulting,startup-consulting,1,2026-06-14T12:52:34Z
3631,DAC Exchange,dac-exchange,72,2026-06-14T12:52:34Z
6993,Data On Data,data-on-data,24,2026-06-14T12:52:34Z
47216,Design &amp; Verification,design-verification,486,2026-06-14T12:52:34Z
6188,Design &amp; Verification,design-and-verification,54,2026-06-14T12:52:34Z
31506,Design Bytes,design-bytes,79,2026-06-14T12:52:34Z
38420,Design Innovation Empowered,design-innovation-empowered,6,2026-06-14T12:52:34Z
10473,Design Reuse Made Real,design-reuse-made-real,33,2026-06-14T12:52:34Z
4802,Devices,startup-devices,3,2026-06-14T12:52:34Z
5140,Digital Marketing,digital-marketing,1,2026-06-14T12:52:34Z
1504,EDA For Manufacturability,eda-for-manufacturability,68,2026-06-14T12:52:34Z
9803,EDA For Manufacturability,eda-for-manufacturability-blogs-ptes,2,2026-06-14T12:52:34Z
2504,Edges Of Darkness,edges-of-darkness,8,2026-06-14T12:52:34Z
2197,Editor's Note,editors-note-blogs-lphp,163,2026-06-14T12:52:34Z
9772,Editor's Note,editors-note-blogs-ptes,57,2026-06-14T12:52:34Z
3839,Editor's Note,editors-note-blogs-security,78,2026-06-14T12:52:34Z
1484,Editor's Note,editors-note-blogs-sld,206,2026-06-14T12:52:34Z
11390,Electromagnetic Crosstalk,electromagnetic-crosstalk,14,2026-06-14T12:52:34Z
47209,Electrostatic effects,electrostatic-effects,,2026-06-14T12:52:34Z
18436,Embedded Customization,embedded-customization,39,2026-06-14T12:52:34Z
9435,Embedded Insights,embedded-insights,14,2026-06-14T12:52:34Z
55711,Embedded ML Design,embedded-ml-design,32,2026-06-14T12:52:34Z
8005,Embedded Software,embedded-software,16,2026-06-14T12:52:34Z
10527,Embedded Thoughts,embedded-thoughts,16,2026-06-14T12:52:34Z
43024,Equipment Insider,equipment-insider,,2026-06-14T12:52:34Z
1496,Everything Low Power,everything-low-power,154,2026-06-14T12:52:34Z
3863,Evolving The Car,evolving-the-car,55,2026-06-14T12:52:34Z
16654,Extraordinary ASICs,extraordinary-asics,4,2026-06-14T12:52:34Z
50477,First By Design,first-by-design,45,2026-06-14T12:52:34Z
11757,Flexible Chips,flexible-chips,72,2026-06-14T12:52:34Z
9502,Foundry Choices,foundry-choices,2,2026-06-14T12:52:34Z
68490,Foundry Focus,foundry-focus,3,2026-06-14T12:52:34Z
7985,Foundry Forum,foundry-forum,1,2026-06-14T12:52:34Z
68577,From Simulation To Always-On Physics,from-simulation-to-always-on-physics,2,2026-06-14T12:52:34Z
5068,Guest Blog,guest-blog,9,2026-06-14T12:52:34Z
68162,Guest Opinion,guest-opinion,1,2026-06-14T12:52:34Z
1492,Hand's On Design,hands-on-design,8,2026-06-14T12:52:34Z
40772,Hardware Security,hardware-security,14,2026-06-14T12:52:34Z
26189,Health &amp; Performance Monitoring,health-and-performance-monitoring,30,2026-06-14T12:52:34Z
61434,Heterogeneous Integration,heterogeneous-integration,10,2026-06-14T12:52:34Z
4804,How To's,startup-how-to,,2026-06-14T12:52:34Z
44859,IC Packaging Insights,ic-packaging-insights,15,2026-06-14T12:52:34Z
46941,IC Test &amp; Lifecycle Insights,ic-test-lifecycle-insights,15,2026-06-14T12:52:34Z
1510,ImPatterning,impatterning,55,2026-06-14T12:52:34Z
47144,Innovations In Integration,innovations-in-integration,2,2026-06-14T12:52:34Z
9874,Inside Big Data,inside-big-data,16,2026-06-14T12:52:34Z
67618,Inside Chips Podcast,inside-chips-podcast,2,2026-06-14T12:52:34Z
57205,Inside Edge AI Processing,inside-edge-ai-processing,16,2026-06-14T12:52:34Z
38735,Inspecting The Future,inspecting-the-future,13,2026-06-14T12:52:34Z
2954,Int News,int-news,50,2026-06-14T12:52:34Z
13214,Intelligent Analytics,intelligent-analytics,8,2026-06-14T12:52:34Z
45844,Intelligent Innovation,intelligent-innovation,59,2026-06-14T12:52:34Z
1486,Intelligent System Design,intelligent-system-design,175,2026-06-14T12:52:34Z
4799,IoT,startup-iot,21,2026-06-14T12:52:34Z
3827,IoT and Security,se-security-iot,3070,2026-06-14T12:52:34Z
146,IP &amp; Integration,ip-and-integration,,2026-06-14T12:52:34Z
2671,IP And LP In SoCs,ip-lp,148,2026-06-14T12:52:34Z
7824,Just A Formality,just-a-formality,65,2026-06-14T12:52:34Z
4766,Knowledge Central,knowledge-central,3,2026-06-14T12:52:34Z
11474,Lam Tech Insights,lam-tech-insights,30,2026-06-14T12:52:34Z
11835,Let's Talk PVT Monitoring,lets-talk-pvt-monitoring,21,2026-06-14T12:52:34Z
46130,Linking Real And Digital Worlds,linking-real-and-digital-worlds,8,2026-06-14T12:52:34Z
2605,Litho Guru,litho-guru,33,2026-06-14T12:52:34Z
48414,Lithography,lithography,71,2026-06-14T12:52:34Z
1487,Looking Past The Horizon,looking-past-the-horizon,182,2026-06-14T12:52:34Z
45535,Lost Art Of Processor Verification,lost-art-of-processor-verification,3,2026-06-14T12:52:34Z
144,Low Power-High Performance,low-power-high-performance,4456,2026-06-14T12:52:34Z
4798,LPHP,startup-lphp,28,2026-06-14T12:52:34Z
65295,Macro Intelligence,macro-intelligence,7,2026-06-14T12:52:34Z
63878,Making AI Native At The Edge,making-ai-native-at-the-edge,15,2026-06-14T12:52:34Z
61980,Making Formal Normal,making-formal-normal,7,2026-06-14T12:52:34Z
5680,Making The IoT Smarter,making-the-iot-smarter,5,2026-06-14T12:52:34Z
47214,Manufacturing,manufacturing,448,2026-06-14T12:52:34Z
60954,Manufacturing Solutions,manufacturing-solutions,28,2026-06-14T12:52:34Z
145,"Manufacturing, Packaging and Materials",manufacturing-design,3797,2026-06-14T12:52:34Z
13045,Material Science,material-science,34,2026-06-14T12:52:34Z
48420,Materials,materials,485,2026-06-14T12:52:34Z
4801,MD &amp; T,startup-mdt,11,2026-06-14T12:52:34Z
3785,Meet The eBeamers,meet-the-ebeamer,61,2026-06-14T12:52:34Z
47211,Memory,memory,498,2026-06-14T12:52:34Z
5812,Memory Bolt,memory-bolt,23,2026-06-14T12:52:34Z
57262,Memory Of Everything,memory-of-everything,3,2026-06-14T12:52:34Z
63010,Memory/IO Wall Solutions,memory-io-wall-solutions,3,2026-06-14T12:52:34Z
55149,Metrology Solutions &amp; Tools,metrology-solutions-and-tools,3,2026-06-14T12:52:34Z
46579,MIPI And Beyond,mipi-and-beyond,4,2026-06-14T12:52:34Z
3,News,news,2629,2026-06-14T12:52:34Z
65492,Next-Gen Data Analytics,next-gen-data-analytics,4,2026-06-14T12:52:34Z
50533,Next-Generation Test,next-generation-test,36,2026-06-14T12:52:34Z
1489,NoC NoC,noc-noc,144,2026-06-14T12:52:34Z
50467,On The Edge,on-the-edge-blogs-sld,14,2026-06-14T12:52:34Z
2509,On The Mark,on-the-mark,97,2026-06-14T12:52:34Z
7944,On-Chip Power Integrity,on-chip-power-integrity,4,2026-06-14T12:52:34Z
4364,Open Talk,open-talk,8,2026-06-14T12:52:34Z
63652,Opinion,opinion,496,2026-06-14T12:52:34Z
48423,Optoelectronics / Photonics,optoelectronics,181,2026-06-14T12:52:34Z
61966,OT-ICS Security,ot-ics-security,6,2026-06-14T12:52:34Z
47213,Packaging,packaging,166,2026-06-14T12:52:34Z
7777,Perfecting The Process,perfecting-the-process,109,2026-06-14T12:52:34Z
2439,Piecing It Together,piecing-it-together,106,2026-06-14T12:52:34Z
47215,Power &amp; Performance,power-performance,725,2026-06-14T12:52:34Z
1500,Power Architect,power-architect-blogs-lphp,80,2026-06-14T12:52:34Z
1501,Power Awareness,power-awareness,93,2026-06-14T12:52:34Z
1499,Power Down,power-down,19,2026-06-14T12:52:34Z
1497,Power Source,power-source-blogs-lphp,163,2026-06-14T12:52:34Z
5934,Process Watch,process-watch,6,2026-06-14T12:52:34Z
16494,Programmed Complexity,programmed-complexity,6,2026-06-14T12:52:34Z
48419,Quantum,quantum,146,2026-06-14T12:52:34Z
60955,Ramblings Of A Machine Scientist,ramblings-of-a-machine-scientist,5,2026-06-14T12:52:34Z
2471,Real Insights,real-insights,14,2026-06-14T12:52:34Z
5633,Research,research,1369,2026-06-14T12:52:34Z
5642,Research: IoT,research-iot,10,2026-06-14T12:52:34Z
5640,Research: LPHP,research-lphp,762,2026-06-14T12:52:34Z
5641,Research: MDT,research-mdt,362,2026-06-14T12:52:34Z
5639,Research: SLD,research-sld,240,2026-06-14T12:52:34Z
37408,Reverse Engineering,reverse-engineering,2,2026-06-14T12:52:34Z
1731,Riding The Silicon Rapids,riding-the-silicon-rapid,,2026-06-14T12:52:34Z
38276,RISC-V Design Verification,risc-v-design-verification,3,2026-06-14T12:52:34Z
5,Round Tables,round-tables,774,2026-06-14T12:52:34Z
39203,Rule The Bugs,rule-the-bugs,9,2026-06-14T12:52:34Z
11548,"Safe, Secure, Smarter Cars",safe-secure-smarter-cars,106,2026-06-14T12:52:34Z
3875,Secure Connections,secure-connections-blog,8,2026-06-14T12:52:34Z
46956,Secured Intelligent Mobility,secured-intelligent-mobility,49,2026-06-14T12:52:34Z
47218,Security,security,338,2026-06-14T12:52:34Z
4800,Security,startup-security,4,2026-06-14T12:52:34Z
3843,Security Matters,security-matters-blog,121,2026-06-14T12:52:34Z
3329,Semi Thoughts,semi-thoughts,50,2026-06-14T12:52:34Z
1509,Semico Spin,semico-spin,99,2026-06-14T12:52:34Z
23935,Semiconductor Yield Management,semiconductor-yield-management,17,2026-06-14T12:52:34Z
2934,Setting The Standard,setting-the-standard,4,2026-06-14T12:52:34Z
35460,Sharpening Your Edge,sharpening-your-edge,26,2026-06-14T12:52:34Z
44899,Silicon Lifecycle Management,silicon-lifecycle-management,65,2026-06-14T12:52:34Z
58693,Silicon Survival Tactics,silicon-survival-tactics,1,2026-06-14T12:52:34Z
149,Special Reports,special-reports,475,2026-06-14T12:52:34Z
57204,Speeding Time To Market,speeding-time-to-market,18,2026-06-14T12:52:34Z
12235,Spotlight On Reliability,spotlight-on-reliability,70,2026-06-14T12:52:34Z
2792,Standards And Beyond,standards-and-beyond,11,2026-06-14T12:52:34Z
4797,Startup Corner,startup-corner,140,2026-06-14T12:52:34Z
47759,Surface Measurement And Analysis,suface-measurement-and-analysis,7,2026-06-14T12:52:34Z
143,System-Level Design,system-level-design-2,5363,2026-06-14T12:52:34Z
5168,System-Level Design,system-level-design-2-startup-corner,27,2026-06-14T12:52:34Z
47193,TechInsights Analysis,techinsights-analysis,5,2026-06-14T12:52:34Z
9508,Technical Papers,technical-papers,1900,2026-06-14T12:52:34Z
12516,Technical Papers Fee Based,technical-papers-fee-based,,2026-06-14T12:52:34Z
17054,Test For The Autonomous Age,test-for-the-autonomous-age,27,2026-06-14T12:52:34Z
37443,Test Insight From Lab To Fab,test-insight-from-lab-to-fab,12,2026-06-14T12:52:34Z
9786,"Test, Measurement and Analytics",packaging-and-test,1438,2026-06-14T12:52:34Z
48422,"Test, Measurement, Analytics tech papers",test-analytics,113,2026-06-14T12:52:34Z
53477,The Business Of AI,the-business-of-ai,2,2026-06-14T12:52:34Z
63258,The Chiplet Connection,the-chiplet-connection,1,2026-06-14T12:52:34Z
8261,The Connected Perspective,the-connected-perspective,20,2026-06-14T12:52:34Z
22320,The Disruptive Edge,the-disruptive-edge,13,2026-06-14T12:52:34Z
1498,The Early Edition,the-early-edition,55,2026-06-14T12:52:34Z
6700,The Engineering Career Blog,the-engineering-career-blog,3,2026-06-14T12:52:34Z
1508,The Foundry Files,the-foundry-files,14,2026-06-14T12:52:34Z
11579,The Human Machine Interface,the-human-machine-interface,64,2026-06-14T12:52:34Z
7441,The Leading Edge,the-leading-edge,2,2026-06-14T12:52:34Z
66037,The Next Thread,the-next-thread,5,2026-06-14T12:52:34Z
63023,The Next Wave,the-next-wave,10,2026-06-14T12:52:34Z
51812,The Security Side Channel,the-security-side-channel,20,2026-06-14T12:52:34Z
1488,The Traffic Cop,the-traffic-cop,38,2026-06-14T12:52:34Z
1490,The Way IC It,the-way-ic-it,26,2026-06-14T12:52:34Z
45370,The X-Files,the-x-files,16,2026-06-14T12:52:34Z
2,Top Stories,top-stories,4492,2026-06-14T12:52:34Z
7272,Transcendental Specs,transcendental-specs,4,2026-06-14T12:52:34Z
48421,Transistors,transistors,257,2026-06-14T12:52:34Z
1,Uncategorized,uncategorized,56,2026-06-14T12:52:34Z
46531,Unlisted Blogs,unlisted-blogs,1,2026-06-14T12:52:34Z
1129,Videos,youtube,620,2026-06-14T12:52:34Z
6632,Views From The Fringe,views-from-the-fringe,2,2026-06-14T12:52:34Z
1502,VoltEdge,voltedge,23,2026-06-14T12:52:34Z
2753,What Were They Thinking,what-were-they-thinking-blogs-sld,162,2026-06-14T12:52:34Z
64499,What's Coming Over The Horizon,whats-coming-over-the-horizon,16,2026-06-14T12:52:34Z
16377,Where Electronics Begins,where-electronics-begins,2,2026-06-14T12:52:34Z
4,Whitepapers,whitepapers,2744,2026-06-14T12:52:34Z
55822,Worthman Blogs,ernest-worthman-blogs,,2026-06-14T12:52:34Z
57103,Yield Intelligence,yield-intelligence,6,2026-06-14T12:52:34Z
12118,Yield Management,yield-management,14,2026-06-14T12:52:34Z
51747,Z-End Applications,end-applications,21,2026-06-14T12:52:34Z
